THEME;THEME_AGG
AdventureCourse;Outdoor and Nature
AerospaceSpace;Arts and Culture
Anthropology;Arts and Culture
Arboretum;Outdoor and Nature
Archeology;History and Heritage
ArtGallery;Arts and Culture
ArtistsHouse;Arts and Culture
AtAFarm;Outdoor and Nature
AtTheFootOfTheSlopes;Outdoor and Nature
AtTheVineyard;Outdoor and Nature
Automates;Leisure and Entertainment
Bathing;Outdoor and Nature
BicycleTouring;Outdoor and Nature
BotanicalGarden;Outdoor and Nature
Bowling;Leisure and Entertainment
ByTheSea;Outdoor and Nature
CanoeingKayaking;Outdoor and Nature
CityOutskirts;Outdoor and Nature
Conservatory;Leisure and Entertainment
Craft;Leisure and Entertainment
Crafts;Leisure and Entertainment
Culture;Arts and Culture
Dance;Leisure and Entertainment
DecorativeArt;Arts and Culture
EcoMuseum;Arts and Culture
EscapeGame;Leisure and Entertainment
FacingTheSea;Outdoor and Nature
FarmingOrAgrifood;Outdoor and Nature
FineArts;Arts and Culture
FitnessTrail;Outdoor and Nature
Gastronomy;Outdoor and Nature
HighTech;Leisure and Entertainment
History;History and Heritage
HouseCrafts;Leisure and Entertainment
Hunting;Outdoor and Nature
InARemoteLocation;Outdoor and Nature
Industry;Outdoor and Nature
InTheCountryside;Outdoor and Nature
InTheForest;Outdoor and Nature
InTheMountains;Outdoor and Nature
InTheVillage;Outdoor and Nature
InTown;Outdoor and Nature
Lakeside;Outdoor and Nature
Literature;Leisure and Entertainment
Maritime;Outdoor and Nature
Military;Outdoor and Nature
Miniature;Leisure and Entertainment
ModernContemporaryArt;Arts and Culture
Music;Arts and Culture
NaturalSciences;Outdoor and Nature
NatureAndEnvironment;Outdoor and Nature
Nautisme;Outdoor and Nature
NearARiverOrStream;Outdoor and Nature
PerformingArts;Arts and Culture
Photography;Arts and Culture
PleasureGarden;Outdoor and Nature
PopularArtsAndTraditions;Arts and Culture
Prehistory;Outdoor and Nature
ProtectedGarden;Outdoor and Nature
RemarkableGarden;Outdoor and Nature
SacredArt;Arts and Culture
ScienceAndTechnology;Outdoor and Nature
Shooting;Outdoor and Nature
Sport;Outdoor and Nature
Surf;Outdoor and Nature
TransportNetwork;Outdoor and Nature
WarMemories;History and Heritage
